date,time,tweet
2023-01-01,,resuelto muchas gracias excelente servicio siempre
2023-01-02,,muchas gracias espero mensaje directo
2023-01-02,,muchas gracias
2023-01-02,,similar paso quería renovar token poder hacer transferencia cerrar cuenta wow fácil sacar dinero ventanilla
2023-01-02,,yeeeei través cuenta acabo contratar cuenta ahorro reto tener mil pesos final año súper herramienta domiciliar cuenta eje así ahorrar disciplinadamente cada semana vamos
2023-01-02,,señal necesitan tener mínimo dinero banamex
2023-01-03,,gracias
2023-01-03,,muchas gracias
2023-01-03,,sé recomiendo inversión mejores rendimientos visto plazo días chingón límite k inversón
2023-01-04,,gracias playera dieron galerías gdl
2023-01-04,,buen díatengo problemas cuenta
2023-01-05,,gracias
2023-01-05,,respetos ustedes gracias servicio
2023-01-05,,si bloquee desbloquee pude hacer deposito oxxo gracias
2023-01-06,,bien gracias
2023-01-06,,milagro gano
2023-01-06,,si amigo jajaja padre puedes invertir da buen rendimiento
2023-01-06,,nunca ganado hahaha
2023-01-06,,cashback pude pagar servicio internet yei
2023-01-07,,gracias
2023-01-07,,listo gracias
2023-01-07,,si gracias
2023-01-08,,llegó semana después aprox
2023-01-09,,hola buen día dudas cuenta podrían ponerse contacto muchas gracias
2023-01-10,,muchas gracias
2023-01-10,,muchas gracias
2023-01-10,,bloquea tarjeta minutos posteriomente vuelves desbloquear agregas solución confirmas tweet favor
2023-01-10,,udis todas plataformas inveido mejores finsus cetes largo plazo heybanco mejor opción fondo emergencia liquidez semanal finsus rededor portafolio
2023-01-11,,excelente gracias responder atentos
2023-01-11,,pues bueno quedé cena muchas gracias
2023-01-11,,gracias igualmente bendiciones
2023-01-11,,vale esperando
2023-01-11,,muchas gracias espero respuesta
2023-01-13,,gané pesitos crédito amazon cortesía agradables sujetos
2023-01-13,,mejor
2023-01-13,,contéstenme favor
2023-01-14,,muchas gracias amables
2023-01-14,,heybanco años cliente bancomer encontre verdad agusto servicios app tarjetas debito credito
2023-01-14,,amigos mandé mensaje directo gracias
2023-01-14,,solicito ayuda gracias
2023-01-15,,graciasya respondíquedo atenta
2023-01-16,,va gracias
2023-01-16,,sé piqué muchas gracias
2023-01-16,,planeación temporada equipos gracias ocnfianza día viene bomba patrocinio vamos dobletedavilacarloss
2023-01-16,,banco
2023-01-17,,gracias
2023-01-17,,gracias
2023-01-17,,muchas gracias
2023-01-17,,muchas gracias ayudó suficiente cargo procedió poaron bien aun pude comunicar teléfono amables mil gracias interés hizo cargo
2023-01-17,,increíble gracias heybancoheybanco
2023-01-17,,contestaron
2023-01-18,,gracias
2023-01-18,,gracias
2023-01-18,,gracias
2023-01-18,,gracias pendienteestoy segura va poner pilas lleguen incentivos si pidiendo apoyo
2023-01-18,,sexta opción opción mejores pagaré días mejor mercado tasa anual solo inversión aquí plan metas dan rendimiento mes vencido dinero disponible cualquier momento
2023-01-18,,buena onda vos david disfrutarlo
2023-01-19,,gracias
2023-01-19,,hola pueden apoyar favor
2023-01-19,,agradece aviso
2023-01-19,,gracias ve reflejado solucionado gracias
2023-01-20,,listo gracias
2023-01-20,,muchas gracias
2023-01-20,,tqm
2023-01-20,,cortesía anímense sacar cuenta hey muchas gracias regalo cneiaokii
2023-01-20,,cof cof
2023-01-20,,súper recomiendo cobran plástico
2023-01-20,,afortunadamente méxico da cuenta
2023-01-21,,muchas gracias darme respuesta solucionó problema excelente día
2023-01-23,,gracias
2023-01-23,,muchas gracias equipo ayudó resolver problema dieron recompensa gané
2023-01-23,,gracias mes tocó boleto dorado
2023-01-23,,bello
2023-01-23,,aún esperanza felicitaciones
2023-01-24,,gracias
2023-01-24,,gracias
2023-01-24,,muchas gracias
2023-01-24,,gracias premio boleto dorado canjee tarjeta regalo
2023-01-24,,tío gracias boleto dorado fin tocó
2023-01-24,,mames buena suerte
2023-01-24,,segundo premio espero lleguen
2023-01-25,,gracias
2023-01-25,,gracias
2023-01-25,,hola beneficia usuarios
2023-01-26,,gracias apoyo seguimiento
2023-01-26,,gracias tío hey ayuda bastante
2023-01-26,,muchas gracias mes gratis
2023-01-27,,muchas gracias resolvió saludos
2023-01-27,,vale gracias
2023-01-27,,funcionó cayo sólo segundos raro muchas gracias
2023-01-27,,hola escribí mensaje directo par dudas tarjeta de créditogracias
2023-01-27,,gracias ser parte fc barcelona
2023-01-27,,darán crédito tradicional llevo año tarjeta credito garantía cumplido pagos tiempo forma
2023-01-28,,ok gracias
2023-01-28,,despues año probando tarjeta crédito puedo decir buena hablar cuenta débito realmente temas seguridad transacciones top tqm hey
2023-01-28,,amistad usa si usas tarjeta veces mes compras pesos vuelves heypro inversión da rendimiento anual súper súper bien comparación bancos invertir años allianz explicó prima suena rebien
2023-01-28,,excelente
2023-01-29,,gane premios
2023-01-29,,amiga explícame
2023-01-30,,muchas gracias información
2023-01-30,,gracias
2023-01-30,,vientos gracias
2023-01-30,,encantaria presumir premio boleto dorado si tan solo existiera
2023-01-31,,pueden proporcionar link invitar gente tener beneficiogracias
2023-02-01,,gracias
2023-02-01,,gracias checo
2023-02-01,,viaje financiero buena información
2023-02-01,,gracias dato cómo sorteo
2023-02-01,,buen día mepueden ayudar realizaron deposito cuenta credito necesito crédito
2023-02-02,,muchas gracias
2023-02-02,,gracias solucionó buenas tardes
2023-02-02,,realizarégracias
2023-02-02,,diciembre gane tarjeta regalo amazon ticket dorado heybanco compre estose emociona señora
2023-02-03,,funcionó mil gracias
2023-02-03,,gracias necesario buena opción momento problemas graves solo adaptarme procesos aún así creo van buen camino aunque ocasiones hagan enojar
2023-02-04,,mmm da rendimiento buena opción
2023-02-04,,gracias aumento crédito tarjeta contenta servicios
2023-02-05,,hablando ajolotes banco sacara tarjeta encanto
2023-02-07,,mejor tarjeta de crédito si pudiera realizar pagos adelantado meses intereses cuentas siendo opción excelente usuarios
2023-02-08,,casi rindo obtuve ayuda equipo soporte afortunadamente alguien aquí refirió twitter envíale mensaje privado arregló gracias contáctalo ahora
2023-02-08,,gracias ser mejor banco
2023-02-10,,heybanco pagarés semanales anual semana obtienes rendimientos puedes reinvertir siguiente pagaré forma automática generas interés compuesto rápido muchísimo mejor anual cetes
2023-02-11,,gracias
2023-02-11,,solucionado gracias
2023-02-11,,alch hechate unas investigadas cetes gmb hey cetes si ocupas investigar chido seguro hey heybanco dinero seguro rapido
2023-02-11,,excelente servicio atención clientes heybanco
2023-02-11,,primera vez gané boleto dorado dor quiero
2023-02-13,,ok muchas gracias
2023-02-13,,gracias duda
2023-02-13,,gracias formar parte gran familia
2023-02-13,,después hoy vida banco favorito dijeron ten tarjeta regalo eches starbucks relajes rato
2023-02-14,,recomendado verdad
2023-02-14,,ver si fit viable seguros vida jajaja
2023-02-14,,interesante encontré permisos utiliza aplicación heybanco activada necesitan
2023-02-15,,gracias
2023-02-15,,hola intenta teléfono correo imagen app verdad problemas
2023-02-15,,hola ocupo ayuda cambio número celular token
2023-02-16,,eh pensado cambiar nomina agustoque bueno dicen sacar tarjeta ahí
2023-02-16,,gracias ahora vi relacion transferencias internacionales veo información
2023-02-16,,pues vale verdad
2023-02-16,,listo
2023-02-17,,acaba llegar constancia fiscal año pasado gané nomas tener dinero guardado
2023-02-17,,jamás menos amex primera anualidad gratis da beneficios compras primer año bonos
2023-02-17,,gracias respuesta pendiente
2023-02-18,,hola buenas tardes
2023-02-18,,buen día muchas gracias respondí mensaje directo tardé pensé respondían noche hehe
2023-02-20,,gracias
2023-02-20,,tqm gracias poner retiros cajeros hsbc q cerquita
2023-02-21,,hola
2023-02-23,,saludos
2023-02-23,,real tarjeta neta general banco
2023-02-23,,si cuenta nunca pedí física pediré gracias recomendación
2023-02-23,,puedo invertir ustedes genera ganancias
2023-02-24,,bueno perdí tarjeta necesitaba nueva diseño
2023-02-24,,heybanco tqm solo mejores bancos producto tarjeta de crédito pagarés bancarios invertir además sabe ando foráneo regalo dinerito amazon boleto dorado
2023-02-24,,hola buen día solicitar tarjeta diseño nuevo utilizarlarecién llegarme metálica embargo atraen diseños coleccionable quisiera pedir perder metal
2023-02-25,,gracias ahorita amo
2023-02-26,,gracias bro
2023-02-26,,gracias envié
2023-02-26,,gracias responder quedo espera solución problema
2023-02-26,,hice varias transferencias hace rato bien
2023-02-26,,veces sólo cuestión limpiar chip pasarla así solucionado inconveniente
2023-02-26,,contesta compartirles colaboración hice heybanco
2023-02-26,,ah gracias mencionas evidente relevancia excelente comentario
2023-02-26,,agradecemos comprensión jaja increíble
2023-02-26,,correcto bbva bbva problemas hey avisaron aproximadamente
2023-02-27,,gracias respondí
2023-02-27,,listo gracias
2023-02-27,,perfecto gracias
2023-02-27,,tremenda sabiduría quede anonadado mensaje creía cantidad ponía garantía utilizaba niños alimento indigentes después entregaban tarjeta crédito tremenda explicación
2023-02-27,,padrisima tarjeta
2023-02-27,,bonito hace considerar adquirir tarjeta
2023-02-27,,gracias mande datos tarjeta
2023-02-27,,problemad
2023-02-27,,problema falla dalay
2023-02-27,,pf sigues intermitencias solo heybanco bbva problema
2023-02-27,,primera sido chichen itza esperando modelo bonito
2023-02-27,,bbva bancoppel dos trabajan perfección
2023-02-27,,entiendo agradezco comentario sugerencia gustaría recibir notificación correo texto servicio disponible caer situación sirve mucha utilidad tarjeta gustaría seguir ustedes
2023-02-27,,bien
2023-02-28,,siento poderosa gracias contenta
2023-02-28,,bien
2023-02-28,,maravilla servicio eficiente app primera altamente recomendable
2023-02-28,,ay mia diseño super cool
2023-03-01,,animense casi año tarjeta credito heygarantizada problemas incluyendo extranjero
2023-03-02,,gracias según recuerdo hecho día fuí activar volveré hacerlo tdd cómo tarjeta de crédito gracias
2023-03-02,,exito heybanco
2023-03-02,,recomendadísimas pd yotepresto ladrillos hechoenjalisco
2023-03-03,,hola muchas gracias respuesta mensaje directo indicaron logre hacer movimiento requeria
2023-03-03,,manifiesto hoy salí enmoradísima subí así casi voy dar vuelta hermosisimo carro háganme buena
2023-03-03,,resolvió actualización app gracias sirvió mensaje directo
2023-03-03,,ustedes banco verdad estan haciendo bien
2023-03-03,,definitivamente
2023-03-04,,gracias secuestrar plata ahorro bitcoin fixes this literalmente salva
2023-03-04,,gracias transferencia aplicada día siguiente
2023-03-06,,gracias resolví jajaja equivoqué
2023-03-06,,quedó aclarado tema gracias
2023-03-07,,bank run
2023-03-07,,respondí privado saludos
2023-03-07,,bueno saberlo
2023-03-08,,gracias información
2023-03-08,,gracias
2023-03-08,,listo
2023-03-08,,así da bienvenida tarjeta metal aún beneficios adicionales
2023-03-08,,cayó app sido buena experiencia ustedes fallen necesita
2023-03-08,,verdad menos tedioso proceso hablar alguien agrada experiencia
2023-03-09,,gracias contesté
2023-03-09,,ayuda
2023-03-09,,si gracias volví contestar hace par horas
2023-03-09,,rápido marcar hacer caa hechos ponía datos quería cambiar hicieron fin pude instalar token chico atendió súper bueno amable llama christhian hernández
2023-03-10,,avisan si van quiebra sacar dinero inversión días porfas muchas gracias antemano amo
2023-03-11,,yeah mejores pesar veto
2023-03-12,,muchas gracias
2023-03-12,,solucionado muchas gracias
2023-03-12,,puede
2023-03-13,,gracias
2023-03-13,,gracias
2023-03-13,,siguen hablando horario laboralel personal dhl descuide trabajo significa descuidar míosi van hablar después horas pmagradezco ésta vez si lean horario hablen puedo atender teléfono
2023-03-13,,exacto puntos lealtad solo cambian tiendapor menos santander si tienda tecnología aículos hogar mejor cambien cashback
2023-03-13,,verdaderamente mejor banco tqm
2023-03-13,,bueno si pude
2023-03-13,,excelente
2023-03-13,,excelente
2023-03-13,,bien excelente
2023-03-13,,gane mes spotify usuario mejor cambien tarjeta gusta blanca negocio
2023-03-13,,excelente eh trabajo varios años perfecto
2023-03-14,,super ojalá pueda ser corregido app entonces apareció así hace días repente graciascc
2023-03-14,,wow emoción
2023-03-14,,nunca gano nadapero hoy empeze bien día
2023-03-14,,exito
2023-03-15,,contesté gracias
2023-03-15,,listos
2023-03-15,,gracias conocí use hoy dejo definitivamente mio si recomiendo bancos fintech mexicano
2023-03-15,,cámbiate heybanco momento mejor probado dan gastas dinero gratis si siempre paga tiempo nunca paga intereses
2023-03-15,,wwwowww maravilla felicidades supuesto ahí disfrutar chica dorada
2023-03-15,,verdad agradezco tarjeta débito necesito
2023-03-16,,muchas gracias información ahí vemos junio
2023-03-16,,pues bueno jajaja
2023-03-16,,dj increíble
2023-03-16,,muchas graciasquedo esperasaludos
2023-03-16,,festival tercer mundista felicidades
2023-03-16,,supermana hermosa
2023-03-17,,gracias seguimiento
2023-03-17,,primera tarjeta de crédito gracias
2023-03-17,,gracias respuesta
2023-03-17,,gracias espero pronta respuesta agradecimiento
2023-03-17,,sorprendido permite organicen cosas
2023-03-18,,gracias siempre super buena rápida atención parte
2023-03-19,,muchas gracias
2023-03-21,,hola quiero decirles muchas gracias seguimiento problema token quedo resuelto buena atención final problema parte sino operadora saludos
2023-03-22,,gracias
2023-03-22,,hey hagan sufrir dinámica tiktok jajaja
2023-03-23,,tal buen dia necesito ayuda
2023-03-23,,excelente servicio atención clientes nunca cambien
2023-03-23,,ojito ahí dinámicas día hoy gane dinámica abono pal norte etiqueta
2023-03-24,,saludos bro gracias ver vídeos
2023-03-24,,gracias
2023-03-24,,gracias tocayo fan
2023-03-24,,hola permíteme conocer caso vía mensaje privado poder darte atención necesaria rápida saludos
2023-03-24,,ojito ahí dinámicas día hoy gane dinámica abono pal norte etiqueta
2023-03-24,,fácil
2023-03-25,,gracias
2023-03-25,,hola ntp después intentos pudieron asistir gracias
2023-03-26,,si anualidad si juntas k libre anualidad mejor pedazo metal visa standard
2023-03-26,,exacto todas duales
2023-03-26,,fondeadora metal world elite
2023-03-28,,ok gracias
2023-03-28,,gracias dios jajaja
2023-03-28,,igual amazon
2023-03-28,,this is the oppounity of lifetime got ta watch this web developers mev strategy video and learn how to make some serious cash with crypto
2023-03-28,,hombre merece mandes además tan grata felicitación foto especial única censura autografiada x diosa tw
2023-03-28,,dios pague hijos
2023-03-28,,mándamela hago llegar jajaja chido resolvió
2023-03-28,,mando beso tronado apretón nalga ángel argello dos horas resolvió asunto llevaba días estancado agradecida abajo
2023-03-29,,dicho conozco angel tímido si gustas hago llegar presente
2023-03-29,,gracias recibí código
2023-03-29,,ser agradecida si abajo mejor
2023-03-29,,agradezco personas querido hacer donaciones vestuario duda agradezco aprecio enormemente si ustedes gustan donar pueden hacerlo clabe heybanco nombre noris vargas g embargo pueden
2023-03-29,,jajaja bien
2023-03-29,,ojito ahí dinámicas día hoy gane dinámica abono pal norte etiqueta
2023-03-29,,amigues primera vez vida gane dinámica jajajajaja gracias gane pastel si dinámica
2023-03-30,,tantas juntas cashback viendo beneficios dan ganas sacar tarjetas amp
2023-03-30,,agradezco personas querido hacer donaciones vestuario duda agradezco aprecio
2023-03-31,,gracias supongo así semana santa correcto saludos
2023-03-31,,gracias pendiente responda
2023-03-31,,secreto contesten rápido cuento bebiendo ojalá paguen resuelven súper rápido
2023-04-01,,muchas gracias
2023-04-01,,muchas gracias comuniqué dieron folio seguimiento respecto situación espera revuelva posible
2023-04-03,,gracias tamos readys pal norte
2023-04-03,,bueno intento tarde muchas gracias maite gusto saludarte
2023-04-03,,habla número tarjeta hice así ningún problema españa
2023-04-03,,this web developers mev strategy is gamechanger hes making over eth per week and you need to learn how
2023-04-04,,cuento hice tampoco historial nubank ahí bien posterior heybanco realmente interesaba usar tarjetapero vi pagare interesóme registre cuenta solicite plástico
2023-04-06,,resolví gracias
2023-04-06,,gracias darnos agita morir disentería agua puerca bebedores
2023-04-08,,buenas tardes
2023-04-08,,adivinen dónde estoyque buena experiencia
2023-04-11,,seguramente veremos dando noticias innovación servicios generando competencia industria financiera beneficia usuariosbancadigital numéxico heybanco innovación competenciafinanciera fintech
2023-04-11,,gran ventaja experiencia años mercado ganando terreno jóvenes servicios patrocinar festivales música permite crecer junto clientes
2023-04-13,,gracias volví contestar mensaje directo
2023-04-13,,gracias heybanco solucionaron problema
2023-04-14,,muchas gracias
2023-04-14,,muchas gracias respuesta tan pronta
2023-04-14,,gracias pronta devolución sirvio pagarle
2023-04-15,,muchas gracias mando mensaje directo brevedad
2023-04-15,,má gracias tío fantástico descuento checkup
2023-04-17,,super gracias
2023-04-18,,correcto esperaré contacto parte ustedes arreglar situación inversión hey pro
2023-04-19,,muchas gracias
2023-04-19,,excelente muchas gracias soporte tío hey igual manera quiero agregar error solucionado adicional día recibí sms notificaban debido incidencia mostraba trabajando nuevamente gracias
2023-04-19,,muchas gracias voy comunicarme entonces
2023-04-19,,proceso resolver según mensajes enviando heybanco saludos
2023-05-12,,gracias
2023-05-12,,llego gracias
2023-05-12,,gusto saludarte erich ponemos disposición cuenta correo electrónico gusto atenderemos dudas escríbenos asesoriacondusefgobmx recuerda condusef apoya
2023-05-12,,mejor banco lt
2023-05-12,,productos esperados año youtube unboxing activación pequeña navegación app tarjeta metálica compao link video tarjetadecrédito heybanco
2023-05-13,,mejor visto ahora
2023-05-15,,excelente muchas gracias
2023-05-15,,muchas gracias respuesta
2023-05-15,,llamar pelear resta tiempo kilos neuronas prácticamente resta vida banco pitero
2023-05-15,,hola excelente tarde podrían ayudar mandé mensaje directo favor muchas gracias
2023-05-15,,encanta heybanco manda notificación hace cobro
2023-05-15,,algún tiempo estimado respuesta
2023-05-15,,conociendo contraseña usuario puede entrar fácilmente dispositivo llegue algún tipo notificación vía sms correo electrónico sabes bien
2023-05-15,,explica
2023-05-16,,hola si hoy mañana nuevo usuario funcionó normalidad app
2023-05-16,,razón
2023-05-16,,garantía creo voy bien cuántos meses puede normales inversión nómina cuenta débitos ahi
2023-05-16,,bueno cambie nómina
2023-05-16,,gracias avisar
2023-05-16,,buen día envié mensaje espero puedan ayudar gracias
2023-05-16,,buenos días vez sigo espera
2023-05-17,,gracias quedó resuelto
2023-05-17,,excelente mitad semanapara aún duda cómo funciona tarjeta garantizada httpstcobiypqxwf
2023-05-17,,solicito apoyo
2023-05-17,,excelente mitad semanapara aún duda cómo funciona tarjeta garantizada
2023-05-18,,quedó muchas gracias
2023-05-18,,tqm
2023-05-19,,ok gracias
2023-05-19,,jajaja si días chale
2023-05-19,,resuelto gracias equipo
2023-05-20,,agradecido ayudaron aclaración rapidísimo cada día feliz haber dejado banca tradicional ustedes
2023-05-21,,muchas gracias
2023-05-21,,hola buen día
2023-05-22,,gracias
2023-05-22,,listo enviado saludos
2023-05-22,,gusta heybanco bajarles mandado bancos españoles dominan país
2023-05-23,,presumiendo anual heybanco klar decide sacar tentador
2023-05-23,,resuelveme urge hacer compra
2023-05-23,,recomiendo ampliamente usen alternativas llamados bancos tradicionales si bancos cobrando alguna comisión cualquier tipo cuentas débito peor aún generando entonces lugar incorrecto
2023-05-24,,gracias saludos
2023-05-24,,si bueno dijeron marcar si quedo
2023-05-24,,ay si pasó afortunadamente jejeje
2023-05-25,,gracias respondi
2023-05-25,,jaja nel
2023-05-27,,okay gracias
2023-05-27,,funcionó nuevamente aplicación
2023-05-27,,contestan
2023-05-29,,listo mandé gracias
2023-05-29,,hey siempre control finanzas ahora movimientos gracias notificaciones qu
2023-05-29,,quiero trabajar ustedes ayudan diciéndome
2023-05-30,,gracias
2023-05-30,,hey siempre control finanzas ahora movimientos gracias notificaciones qu
2023-05-30,,eficiencia
2023-05-31,,muchas gracias nunca contestó afortunadamente quedado resuelto
2023-05-31,,hola abre cuenta hey obtén boleto dorado cada mes ganarhttpstcojmnogz recomiendo muchísimo cuenta hecho reseñan bien varios youtubers finanzas
2023-05-31,,muchas gracias boleto dorado
2023-06-01,,gracias apoación saludos
2023-06-01,,llamo servicioalcliente mexico verdad así banco debe tratar cliente meter dinero aprendan
2023-06-01,,buen día fácil usted obtenga crédito alguna caja popular peor lucha hace saludos
2023-06-02,,gracias
2023-06-02,,gracias quedó espera
2023-06-02,,dejé mensaje directo solicitando valioso apoyosaludos
2023-06-02,,muchas gracias mes gratis
2023-06-03,,gracias envié duda
2023-06-03,,gracias responder da gusto solucionado rápido ojalá así caso saludos
2023-06-03,,gracias lic hace tres años si usted dice deben negar volveré hacerlo amable atención abrazo
2023-06-03,,muchas gracias si haré nuevo abrazo fuee
2023-06-03,,favor gracias
2023-06-05,,gracias saludos
2023-06-05,,muchas gracias responderacabo lograr desbloqueo
2023-06-05,,espero si
2023-06-06,,jajaja vic trabajo hey cualquier duda dudes mandarme mensajito
2023-06-07,,gracias
2023-06-07,,buenos diseños
2023-06-08,,hola
2023-06-10,,hey siempre control finanzas ahora movimientos gracias notificaciones qu
2023-06-12,1900-01-01 16:52:11,gracias pendiente información
2023-06-13,1900-01-01 20:36:26,feliz años santander free cambié heybanco tarjeta pareció chulada recomiendo ampliamente
2023-06-15,1900-01-01 22:51:17,hola caso comuniqué allí resolvieron founa sencillo rápido suerte
2023-06-15,1900-01-01 18:35:12,fácil now saque tarjetas crédito
2023-06-16,1900-01-01 19:41:04,perfecto iré punto hey gracias bebé lol
2023-06-16,1900-01-01 18:03:36,probado bancos tradicionales diferentes momento mejor manejando msi sido permite ver exactamente cuánto debes total da lista pagos futuros hacer mes mes da cashback efectivo
2023-06-17,1900-01-01 18:00:08,oye excelente tiempo respuesta amable personal centro atención
2023-06-18,1900-01-01 17:29:39,listo muchas gracias
2023-06-19,1900-01-01 19:52:35,gracias
2023-06-19,1900-01-01 14:43:55,muchas gracias
2023-06-19,1900-01-01 15:36:18,servie
2023-06-19,1900-01-01 13:32:11,tan sencillo hacer tipo movimientos celular además super tasa rendimiento
2023-06-20,1900-01-01 18:20:40,muchas gracias
2023-06-20,1900-01-01 22:22:06,hola mandé mensaje directo gracias
2023-06-20,1900-01-01 21:26:18,muchas gracias si entrare levantar reporte
2023-06-20,1900-01-01 06:47:43,coqueta beneficios reales
2023-06-20,1900-01-01 06:10:33,listos heybanco pal norte
2023-06-21,1900-01-01 21:22:49,gracias arreglado
2023-06-21,1900-01-01 16:20:21,gracias
2023-06-21,1900-01-01 22:03:28,muchas gracias resuelto gracias soporte excelente servicio
2023-06-21,1900-01-01 03:47:49,muchas gracias felicitación
2023-06-21,1900-01-01 16:32:41,si nunca tipo situación métodos pago hace increíble operación tan sencilla pagar tarjeta página web conviee toda mala experiencia usuario servicio
2023-06-22,1900-01-01 16:25:12,va gracias dato
2023-06-22,1900-01-01 15:16:55,buen dia saque carro usado merkauto autorizaron crédito lunes junio fecha llaman firmar contrato factura puedo saber listo tardando proceso gracias
2023-06-22,1900-01-01 20:38:17,bien atentos llega gracias compao correo vean dónde quieren llegar pónganse listos
2023-06-23,1900-01-01 17:14:56,amo heybanco bien cabron jaja
2023-06-24,1900-01-01 02:10:01,fin modificaron app detecta huella bonita sección métricas gastos ah pagué temas luz
2023-06-27,1900-01-01 07:20:57,verdad
2023-06-28,1900-01-01 17:42:50,gracias
2023-06-28,1900-01-01 04:45:09,gracias hice quedo
2023-06-28,1900-01-01 22:48:04,resolvió volviendo instalar app
2023-06-28,1900-01-01 17:28:12,gracias ahora envío
2023-06-29,1900-01-01 17:45:59,buen día real
2023-06-29,1900-01-01 03:03:50,ps aplicación mejor visto hsbc banamex nel tal heybanco probado
2023-06-30,1900-01-01 17:26:15,muchas gracias
2023-06-30,1900-01-01 19:02:11,abrí cuenta amo si puedes recomiendo inversión hey ahí ahorros si hey pro mejores rendimientos
2023-07-01,1900-01-01 04:07:54,respuesta favorable gracias
2023-07-02,1900-01-01 15:01:49,amamos
2023-07-03,1900-01-01 20:36:54,techreo came súper bien además ahora dando regalos solo invertir ellosseguro fácil
2023-07-04,1900-01-01 19:32:32,da gusto parte gran familia finsus saludos
2023-07-04,1900-01-01 16:46:43,hola gracias ser parte gran familia finsus
2023-07-04,1900-01-01 16:23:59,hace pocos días disponible
2023-07-04,1900-01-01 15:27:39,finsus siempre gustado aprovechando dejo enlace referido utiliza código castillo
2023-07-04,1900-01-01 14:11:14,pedida si vale pena precio jajaja
2023-07-04,1900-01-01 09:42:38,duda
2023-07-05,1900-01-01 04:08:16,intenta buenazo
2023-07-06,1900-01-01 05:06:15,ay suena súper bien justo anda gustando ahorita nu parte hacer crecer dinero jajk inversión quiero entrarle tema fan neobanks definitivamente fin mande alv banamex abriré heybanco
2023-07-06,1900-01-01 02:59:57,fácil entro pagos elijo tarjeta elijo plazo meses aceptar token error pagado problemas puedo hacer operaciones token problemas
2023-07-06,1900-01-01 02:24:11,nuevo diseño tarjeta de crédito mamalón chavos tan pronto regrese usa voy solicitar nuevo diseño carísimo envío cieo obama cieo programa recompensas bastante aceptable eh httpstcofgxxxqtb
2023-07-06,1900-01-01 02:11:00,tarjetas crédito tarjeta de crédito anualidad diseños chingones aunque usar tarjeta de crédito debes aprender usarla papucho personalmente uso va bien aceptan incluso gabacho checa
2023-07-07,1900-01-01 16:18:25,muchas gracias justo llame hace dos días aclaración espero tan tardado salga bien
2023-07-07,1900-01-01 01:24:12,gracias acabo mandar correo
2023-07-08,1900-01-01 05:58:28,varias meses siendo usuario heypro fin dieron menos puntos taza preferencial inversión
2023-07-09,1900-01-01 20:12:00,perfecto atenta muchas gracias
2023-07-10,1900-01-01 17:49:42,rifadisimo personal si gustó
2023-07-11,1900-01-01 23:55:24,sirvió muchas gracias
2023-07-11,1900-01-01 20:50:22,tan fácil usar confiables heybanco cuales
2023-07-11,1900-01-01 03:16:37,llegó ajolotarjeta encantó acá dejo unboxing vean detalles nuevo diseño
2023-07-11,1900-01-01 01:51:29,voy pedir preciosa tarjeta
2023-07-13,1900-01-01 18:28:34,invitamos ser parte klar comiences disfrutar beneficios
2023-07-13,1900-01-01 05:36:30,gracias mande correo
2023-07-14,1900-01-01 22:08:32,gracias reporte exacto pagué cc
2023-07-14,1900-01-01 20:26:17,realmente dan servicio cliente medio
2023-07-14,1900-01-01 18:55:12,i highly recommend you tolegithhacks on instagram helped out when i had same issues
2023-07-15,1900-01-01 17:01:34,bueno gracias atentos chequen nivel empatia clientes todas formas
2023-07-15,1900-01-01 04:58:58,dato tan interesante dado conoces
2023-07-15,1900-01-01 02:54:54,huy tambien stori mercado crédito días mandando sms notificaciones vía app whats
2023-07-16,1900-01-01 15:27:21,gracias contesté
2023-07-17,1900-01-01 23:51:26,bien solicité si otorgaron elegí diseño ajolotito
2023-07-18,1900-01-01 18:15:18,gracias
2023-07-18,1900-01-01 17:01:27,this web developers mev strategy is the real deal earning him over eth per week and taking his crypto earnings to new heights
2023-07-18,1900-01-01 14:13:39,buenos días gracias atención llame servicio cliente bien aparece así muchas gracias
2023-07-18,1900-01-01 05:07:34,buena noche mayo pedi ceificado regalo amazon heycoins viendo pedido aparece procesando algun estimado procesan pedidos muchas gracias
2023-07-19,1900-01-01 23:03:01,jajajaja toman enserio perooo nunca dejaré usar cheems vídeos jajaja hoy vídeo cana
2023-07-19,1900-01-01 19:30:02,pueden atender aqui creo problema
2023-07-19,1900-01-01 16:56:45,esperemos responda sinceramente problemas hace buen banco muchas gracias
2023-07-19,1900-01-01 03:18:39,mejor banco heybanco mucha diferencia nk
2023-07-21,1900-01-01 18:19:03,distintas cuentas siempre apoyado llega pasar ahora heybanco bbva sido mejores experiencias
2023-07-21,1900-01-01 18:17:46,recomiendo heybanco
2023-07-21,1900-01-01 04:46:51,gracias explicaron amables
2023-07-22,1900-01-01 23:11:44,buena experiencia heybanco cashback compras físicas compras online app fácil usar permite invertir anual renovando cada días actualmente utilizo cubrir gasto mensual contento
2023-07-22,1900-01-01 11:32:23,menos mes logré desbloquear grandes beneficios gracias brindar herramienta promover
2023-07-23,1900-01-01 22:10:43,enserio wow muchas gracia spor respuesta minutos termino abrir cuenta
2023-07-23,1900-01-01 22:09:50,ilimitadas puedes hacer todas quieras plazos gustes mejores rendimientos ofrecemos mejor plataforma digital permite libead financiera
2023-07-23,1900-01-01 17:54:30,gracias contesté
2023-07-24,1900-01-01 23:22:43,gracias for the rec i loved the idea of having digital bank thats pa of the multired consoium of atms but i guess it was not to be
2023-07-24,1900-01-01 19:58:54,gracias
2023-07-27,1900-01-01 00:01:54,puedes empezar tarjetas crédito garantizadas personas historial stori heybanco mejorcito recibir nómina ayuda bancos tradicionales c
2023-07-28,1900-01-01 22:43:10,hoygan tarjeta de crédito coó fecha límite pago próximo jueves supone mientras pague fecha problema correcto
2023-07-28,1900-01-01 21:02:59,ya
2023-07-28,1900-01-01 20:31:24,dame telefono servicio cliente
2023-07-29,1900-01-01 18:04:22,tomalo lado amable proximo recibo gratis heheheheh
2023-07-29,1900-01-01 05:56:41,jajaja verdad
2023-07-30,1900-01-01 18:08:07,muchas gracias
2023-08-01,1900-01-01 20:01:28,gracias seguimiento quedó resuelto problema ustedes
2023-08-01,1900-01-01 17:48:12,excelente servicio cieo dato cualquier cosa di datos bancarios pues uso común cuenta digital heybanco utilizo ahí llegando transferencias adjunto evidencia
2023-08-01,1900-01-01 14:15:42,quedó solucionado muchas gracias
2023-08-01,1900-01-01 04:41:41,recomiendo x heybanco
2023-08-02,1900-01-01 16:57:52,gracias respondi mensaje
2023-08-02,1900-01-01 04:21:34,súper hacen
2023-08-04,1900-01-01 23:36:52,fácil abre cuenta bancaria nuevos bancos digitales recomiendo integrado sistema bancario simplemente fintech
2023-08-04,1900-01-01 00:38:53,recuerdo creo rápido
2023-08-05,1900-01-01 23:09:34,hola buenas tardes ayudan confirmar monto máximo transferir cuenta hey puedo modificar límites favor gracias
2023-08-05,1900-01-01 04:58:31,muchas gracias recomendado conocido daban préstamos salen entonces quería sugerirle opción amable
2023-08-05,1900-01-01 01:22:22,creo acaba llegar muchas gracias
2023-08-06,1900-01-01 23:28:23,jaja mismo pasa mercado pago heybanco acuerdo maravilla
2023-08-07,1900-01-01 22:14:52,si resolvieron gran servicio cliente
2023-08-07,1900-01-01 11:17:55,si llegó horas espero llegado bien transferencia
2023-08-08,1900-01-01 16:00:40,hice ayer saqué toda lana mejor quedo llevo tiempo problemas recomiendo jalando bien clientes pagan ahí saludos
2023-08-09,1900-01-01 19:43:25,hola muchas gracias expliqué situación agradezco respuesta brevedad
2023-08-09,1900-01-01 15:05:31,escribí ahí ayer pelaron
2023-08-10,1900-01-01 00:03:09,hoy primer día heybanco regreso vida oficina mil gracias
2023-08-12,1900-01-01 18:47:40,fin tocó boleto dorado ganador sentí charlie fabrica chocolates cámara solo faltan heypoints xbox
2023-08-12,1900-01-01 05:53:54,release notes mensaje typo terjeta gusto actualización hicieron ver tarjetas
2023-08-15,1900-01-01 21:50:22,justo pasó mismo momento final vuelve aparecer rato después
2023-08-18,1900-01-01 18:05:07,gracias
2023-08-18,1900-01-01 17:18:46,sugiero encarecidamente comunique bensonhack instagram solucionar cualquier problema relacionado cuenta ahí rápido confiable aún puedes graficarlos whatsapp
2023-08-19,1900-01-01 15:02:37,muchas gracias respondí mensaje directo
2023-08-22,1900-01-01 00:52:31,comunidarks recomendaron rappicard heybanco uso heybanco recompensas anualidad además da tarjeta dual entonces crédito débito rappicard uso cosas específicas ej ticketmaster acepta problema
2023-08-23,1900-01-01 17:41:15,quedó resuelto favorablemente queja gracias
2023-08-25,1900-01-01 19:20:41,guen servicio traen siemrpe resuelven bien
2023-08-25,1900-01-01 02:12:59,resolvieron cargo reconocido tarjeta siempre dicen pueden ser varios días proceso tardó semana
2023-08-28,1900-01-01 21:22:10,muchas gracias lleno datos heybanco
2023-08-28,1900-01-01 17:12:16,muchas gracias compair
2023-08-30,1900-01-01 00:11:50,queja hablan quejas trabajan bien
2023-08-31,1900-01-01 04:02:55,recompensa total banorte llegan menos días hábiles mail
2023-09-01,1900-01-01 18:06:14,felices contentos clientes hoy pudieron estrenar nuevo hogar inovaserviciosfinancieros cuauhtémocchihuahua creditos heybanco
2023-09-01,1900-01-01 16:25:34,perfecto pude entrar app según dispositivo compatible aunque recientes samsung prefiero cambiar banco cambiar equipo hola saludos
2023-09-01,1900-01-01 00:51:39,bien padre
2023-09-04,1900-01-01 19:50:21,aplausos equipo
2023-09-05,1900-01-01 23:52:00,quisiera saber si puedo ser acreedor tarjeta crédito tradicional debido llevo seis meses uso garantizada mejorado historial significativamente
2023-09-05,1900-01-01 19:25:28,jajaja
2023-09-05,1900-01-01 03:39:27,heybanco implementado chatbot interesante llamado heygpt resuelve dudas productos sorprendió bastante creo gran avance mejorar experiencia atención clientes acá cuento
2023-09-05,1900-01-01 02:53:41,uso banco siempre resuelven rápido mil veces rápido vs banamex haha
2023-09-10,1900-01-01 21:18:12,heybanco salido buena
2023-09-12,1900-01-01 22:40:28,gracias
2023-09-12,1900-01-01 02:35:10,chulada cuenta buenos rendimientos aplicación funcionando comisiones ninguna especie necesito ninguna institución nunca cambien ehhh asi empezó klar luego cumplió
2023-09-13,1900-01-01 23:20:30,feliz día programador trabajo esencial funcionamiento sociedad actual traemos datos impoantes día profesión heybancomedia heybanco díadelprogramador programadores
2023-09-13,1900-01-01 20:45:41,hola muchas gracias contesté vía mensaje directo
2023-09-13,1900-01-01 20:32:13,solucionado gracias
2023-09-13,1900-01-01 16:02:39,ayuda
2023-09-14,1900-01-01 23:17:46,horas venus todavía tiempo jajaja
2023-09-14,1900-01-01 15:38:55,inviee cuestión minutos celular obtén ganancias cada semana conoce cómo hacer crecer dinero inv
2023-09-15,1900-01-01 21:23:57,sirvió actualizar versión android reciente abre
2023-09-15,1900-01-01 16:46:03,gracias justo funciono
2023-09-16,1900-01-01 23:38:12,elimine cache ajustes app funcionó
2023-09-16,1900-01-01 23:23:44,si funcionó muchas gracias
2023-09-16,1900-01-01 20:21:53,entren ajustes app borren cache funciona
2023-09-16,1900-01-01 05:17:38,funcionó
2023-09-16,1900-01-01 04:56:18,muchas gracias hey quedó resuelto
2023-09-16,1900-01-01 03:28:28,gracias intentare
2023-09-17,1900-01-01 23:18:02,gracias funcionó reiniciando
2023-09-17,1900-01-01 15:24:56,qiedo resuelto muchas gracias
2023-09-18,1900-01-01 22:22:18,funcionó gracias mejor cuenta oficial
2023-09-18,1900-01-01 18:10:10,muchas gracias información sirvió poder acceder aplicación deberían publicar solución redes usuarios puedan solucionarlo
2023-09-19,1900-01-01 18:10:58,confirmo hoy septiembre funciona muchas gracias
2023-09-19,1900-01-01 17:56:50,colonia bonita cool latinoamérica esperando descubre jonnah moreno increíbles recintos disfruta increíble belleza heybanco heymedia heydelocal guadalajara
2023-09-19,1900-01-01 17:55:31,lugar perfecto sentae trabajar mientras tomas delicioso café después ir joya literatura segunda mano descubre jonnah moreno lugares secretos colonia americana heybanco heymedia heydelocal guadalajara
2023-09-19,1900-01-01 17:52:22,cafeterías arquitectura única bonitos pisos jonnah moreno muestra cara apacible colonia americana considerada bonita latinoamérica heybanco heymedia heydelocal guadalajara
2023-09-19,1900-01-01 16:43:55,muchas gracias ahora mandar actualización v app android aplicación funciona nuevamente tras días muea varios gracias
2023-09-19,1900-01-01 05:21:53,exacto normal
2023-09-20,1900-01-01 22:28:33,listo muchas gracias
2023-09-20,1900-01-01 20:42:03,hoy restableció aplicación gracias
2023-09-20,1900-01-01 02:42:16,x problema
2023-09-20,1900-01-01 02:09:44,gracias respuesta pude habilitar app
2023-09-22,1900-01-01 22:00:52,nunca fallado contrario estables
2023-09-23,1900-01-01 17:15:22,gracias debería ser información privada ustedes mejoren saludos
2023-09-24,1900-01-01 15:49:15,cómo puedo pedir tarjeta perder datos anteriores gracias
2023-09-26,1900-01-01 23:06:29,siempre recomendando llevo meses tarjeta regresar banamex solución
2023-09-26,1900-01-01 22:30:41,hola solo agradecer públicamente atención recibida momento mencionar recibí productos solicitado tienda hey shop muchas gracias
2023-09-26,1900-01-01 18:47:23,envie
2023-09-27,1900-01-01 19:00:56,muchas gracias amo
2023-09-28,1900-01-01 00:50:29,increíble alturas ir activar netkey móvil sucursal cambias teléfono aprender comprometer seguridad hacen simple rápido misma app
2023-09-30,1900-01-01 05:35:34,sigo pensando gran producto
2023-10-02,1900-01-01 19:50:21,gracias
2023-10-03,1900-01-01 23:23:14,quiero
2023-10-03,1900-01-01 18:33:09,gracias acabo escribir
2023-10-05,1900-01-01 16:30:02,banco azteca si bien padre manejo
2023-10-06,1900-01-01 21:54:50,hora buena jorge persona reconocida gremio mielero reputación vale
2023-10-11,1900-01-01 03:04:58,órale cool ofrece información finanzas personales dentro aplicación darle opounidad podcast
2023-10-12,1900-01-01 05:36:25,gané si quieres ser parte fiebre hey puedo referir gracias
2023-10-13,1900-01-01 16:37:56,gracias volví llamar rapido
2023-10-13,1900-01-01 04:04:23,estrellas soporte saben dúo dinámico
2023-10-14,1900-01-01 22:34:37,quedo espera gracias
2023-10-14,1900-01-01 11:56:33,felicidades hicieron posible
2023-10-16,1900-01-01 01:22:55,muchas gracias
2023-10-17,1900-01-01 18:13:26,procedo gracias apoyo
2023-10-18,1900-01-01 12:23:13,recibí ayuda fredhack telegram ayudó recuperar cuenta habilitar autenticación dos factores cuenta realmente impresionado ayudará problemas piratería
2023-10-19,1900-01-01 07:14:39,gracias conocí use hoy dejo definitivamente mio si recomiendo bancos f
2023-10-20,1900-01-01 23:13:05,vamos sorprender fans queremos dar punto elevar experiencia
2023-10-21,1900-01-01 03:46:33,vamos sorprender fans queremos dar punto elevar experiencia
2023-10-21,1900-01-01 02:21:31,inversión
2023-10-22,1900-01-01 03:12:45,vamos sorprender fans queremos dar punto elevar experiencia
2023-10-23,1900-01-01 19:55:44,va poner bueno heybanco
2023-10-23,1900-01-01 03:32:06,igual sorprendí
2023-10-23,1900-01-01 03:23:34,
2023-10-24,1900-01-01 21:07:14,deberían sorprender app funcional dias borrando instalando dura acceso útil
2023-10-24,1900-01-01 19:44:21,listo enviado
2023-10-24,1900-01-01 08:53:57,vamos sorprender fans queremos dar punto elevar experiencia
2023-10-25,1900-01-01 23:43:33,buena vez hey equivocó decía ser diferente bancos normales incluso puede apair
2023-10-25,1900-01-01 23:19:19,bueno tiempo ahora tarjeta irá cajón nunca
2023-10-25,1900-01-01 22:15:53,buena opción
2023-10-25,1900-01-01 21:43:42,bueno toda historia final adiós
2023-10-25,1900-01-01 21:36:59,tarjeta plata trae buen cashback deberías darle revisada
2023-10-26,1900-01-01 20:20:52,spa hospitality bueno siempre agradece masajito aguantar días festival checa beneficios cada abono mañana prevents exclusiva tecatepal norte
2023-10-26,1900-01-01 19:36:54,gracias envíe duda
2023-10-26,1900-01-01 18:51:17,ok pendiente gracias
2023-10-27,1900-01-01 20:52:45,gracias ultimas recompensas adios vaquero bueno mientras duró
2023-10-27,1900-01-01 20:52:13,mañana compramos
2023-10-27,1900-01-01 20:19:11,gracias venta exclusiva heybanco agotada totalidad venta libre boleto tempranero lugar mañana octubre pair horas
2023-10-27,1900-01-01 20:08:25,gracias gracias venta tempranera tqm
2023-10-27,1900-01-01 19:47:04,tecate pal norte si heybanco aprovechen hoy buenos descuentos abono tempranero
2023-10-27,1900-01-01 18:44:33,muchas gracias confianza felices formes parte familia klar queremos
2023-10-27,1900-01-01 18:10:40,adecuado después costo menos meses prueba hacía scotia tarjeta ideal después decides
2023-10-28,1900-01-01 20:57:12,gracias sigan propuestas tan inovadoras seguramente atraerán millones clientes marcarán después banca méxico seguro felicitaciones paran bloquearon redes sociales genios cansan ganar
2023-10-28,1900-01-01 18:56:45,bueno tiempo ahora tarjeta irá cajón nunca
2023-10-28,1900-01-01 18:50:44,adquirí membresía mega fan salió beneficio venta exclusiva tecate
2023-10-28,1900-01-01 18:50:27,cayó actualización gracias
2023-10-28,1900-01-01 18:44:10,padrísimas nuevas membresías encontré ajusta necesidades contraté recomiendo q
2023-10-28,1900-01-01 15:39:01,depositaron verdad contento servicios espero recapaciten re valoren decisiones
2023-10-28,1900-01-01 14:40:52,correcto
2023-10-28,1900-01-01 13:35:53,parece tipo gasolinaras vip
2023-10-28,1900-01-01 13:07:09,bienvenido ualá gracias feedback constructivo varios temas resuelven próximos updates mudarse arquitectura bancaria sido fácil afecta cieos procesos viene mejor gracias
2023-10-28,1900-01-01 01:13:56,gracias pude comunicarme creo si solucionó problema gracias
2023-10-29,1900-01-01 02:17:34,buena publicidad
2023-10-30,1900-01-01 23:34:34,estudiante idea brillante reto emprende hey espera paicipa gana
2023-10-30,1900-01-01 21:59:22,muchas gracias
2023-10-30,1900-01-01 21:49:32,ahorita mismo mando correo número telefónico contacto
2023-10-30,1900-01-01 19:03:02,dale gracias
2023-10-30,1900-01-01 16:28:53,checa creo potencial
2023-10-31,1900-01-01 22:23:42,bien hecho mero alcanzo
2023-10-31,1900-01-01 21:13:51,muchas gracias confianza felices formes parte familia klar
2023-10-31,1900-01-01 18:51:34,verdaderamente interesante heybanco herramienta inversión personal único tarjeta pagaría plan según plan pagues si dejas dinero días pueden dar interés anual
2023-10-31,1900-01-01 18:05:15,ahorros contigo gracias
2023-10-31,1900-01-01 18:01:11,gracias siempre super atentos efectividad resolver dudas
2023-10-31,1900-01-01 17:44:55,gracias respuesta conteste mensaje directo saludos
2023-10-31,1900-01-01 15:53:03,servie
2023-10-31,1900-01-01 14:25:33,estudiante idea brillante reto emprende hey espera paicipa gana
2023-10-31,1900-01-01 03:59:10,uf buena idea pague hey coins
2023-10-31,1900-01-01 03:53:34,mejor anualidad mensualidad
2023-11-01,1900-01-01 19:33:12,bien merecido
2023-11-01,1900-01-01 02:16:06,encanta publicidad competencia
2023-11-02,1900-01-01 03:53:49,invex acelerador conviene muchísimo si gastas k arriba mes año llevo mil vuelos muchas tarjetitas uber starbies
2023-11-02,1900-01-01 01:00:57,después ver entrevista creo excelente opción
2023-11-02,1900-01-01 00:57:59,tweet solo agradecer rapidez resolvieron cargos reconocidos necesitaba urgentemente dinero robaron tarjeta ustedes ayudaron sólo días cosas buenas deberían compairse gracias heybanco
2023-11-02,1900-01-01 00:50:37,reflexioné creo bien membresías
2023-11-02,1900-01-01 00:14:08,meses lograron años felicidades
2023-11-02,1900-01-01 00:08:41,mejor idea clientes
2023-11-03,1900-01-01 19:42:24,verdad buenos fraudes cosas así demás bancos mega desentienden hecho paros vida
2023-11-03,1900-01-01 19:14:00,vi además traen primo bono primer año anualidad da codoo luego edición tarjeta rosa considerando seriamente
2023-11-03,1900-01-01 18:35:36,amo ser amex verdad siento ninguna tratan tan bien cara anualidad vale toda pena seguridad ofrecen
2023-11-03,1900-01-01 18:12:46,gracias novio saludo allá
2023-11-04,1900-01-01 05:06:01,gracias mandiii
2023-11-07,1900-01-01 18:45:40,same mejor regresé banorte heybanco solo compras riesgo
2023-11-08,1900-01-01 22:57:26,vamos bien heybanco
2023-11-08,1900-01-01 17:43:43,amables muchas gracias
2023-11-08,1900-01-01 16:06:38,listo hice madrugada gracias
2023-11-08,1900-01-01 13:58:57,excelente noticia genial necesidad pagar membresías absurdas ahora arrepentirse
2023-11-09,1900-01-01 17:35:17,defiéndete
2023-11-09,1900-01-01 07:54:23,bajó rendimiento inversión mientras subió perfectamente equilibrado
2023-11-10,1900-01-01 23:36:40,hey sigues siendo cliente saludos
2023-11-10,1900-01-01 21:16:19,recomendada
2023-11-10,1900-01-01 21:15:29,hazlo excelente opción años
2023-11-10,1900-01-01 03:27:47,venganza
2023-11-11,1900-01-01 01:11:31,lección perros quieren cobrar ustedes dan solo ser clientes solo falta cashback van volver ser tarjeta preferida
2023-11-14,1900-01-01 21:26:38,buen movimiento hey recuerda mantis kungfu panda agarra cuerdas puente
2023-11-14,1900-01-01 21:21:37,agree crónica avente
2023-11-14,1900-01-01 18:00:50,gracias
2023-11-16,1900-01-01 16:22:08,rápido
2023-11-17,1900-01-01 13:44:00,encanta tenee
2023-11-18,1900-01-01 23:34:22,gracias carnal
2023-11-21,1900-01-01 21:20:08,dudo sido hahahahahahaha
2023-11-23,1900-01-01 12:49:47,ofrece msi bueno ver si verdad jajaja
2023-11-25,1900-01-01 17:23:29,beneficios mercado mas competitivo
2023-11-25,1900-01-01 16:40:17,bendita competencia bienvenido cashback así ciento dice canción
2023-11-25,1900-01-01 15:49:20,ojo aca regresan recompensas
2023-11-25,1900-01-01 13:16:52,gracias escuchaste seguiré contigo
2023-11-25,1900-01-01 11:00:45,mejor pudiste hacer amigo
2023-11-25,1900-01-01 04:47:53,tsss bueno
2023-11-25,1900-01-01 04:44:46,hiciste bien tío
2023-11-26,1900-01-01 18:53:13,recomiendo mexicano quiebra dientesdeburrousurero
2023-11-26,1900-01-01 16:58:44,gracias respuesta estare atento saludos tío
2023-11-27,1900-01-01 23:58:29,gracias soynumx nubank espero sirva aprendizaje demás plataformas si quieren dinero inversionistas fyi dinnactinver heybanco uala ualamex mercadopagomex finsusapp
2023-11-27,1900-01-01 09:38:19,increíble atención cliente siempre pagado tiempo dentro plazo pago
2023-11-28,1900-01-01 10:47:12,mejor banco
2023-11-29,1900-01-01 09:13:31,uní julio resultado útil transacciones línea verdad recomiendo
2023-11-30,1900-01-01 10:15:52,heybanco gusta iwal mercado pago aparte q súper práctico dinero q ahí inveido gbm genera pesitos extras
2023-12-01,1900-01-01 21:23:51,promoción clientes hey aprovecha compras temporada recibe recompensas efectivo list p
2023-12-01,1900-01-01 16:26:31,gustaba repoaba buró crédito
2023-12-01,1900-01-01 08:55:31,heybanco salido luz coreo completa gustó final indio llama obra interpretan
2023-12-02,1900-01-01 20:22:15,siempre recomendando llevo meses tarjeta regresar banamex solución
2023-12-02,1900-01-01 11:30:48,terminos condiciones favor
2023-12-05,1900-01-01 15:45:46,jajajaja
2023-12-07,1900-01-01 10:11:29,breve lección economía aprende pagarle cobrar depositar mismo tiempo luchas gazagenocide
2023-12-07,1900-01-01 09:35:45,llegan nuevos instrumentos financieros ofrecen ciento dinero adicional cada día guardes dinero mientras cobra si mueves seis meses
2023-12-09,1900-01-01 16:38:30,jamas pensé quedaría heybanco después todas mamadas haciendo literalmente mejor opción fin chingada madre hsbc tremendo pedo compra pesos
2023-12-09,1900-01-01 16:12:02,correcto preámbulos
2023-12-14,1900-01-01 18:55:33,apareció buena promo contratar seguro celular
2023-12-14,1900-01-01 11:19:37,canje hey coins tarjetas regalo amazon instantáneas llegan códigos casi ins
2023-12-14,1900-01-01 10:13:06,excelente pregunta dijeron bro
2023-12-14,1900-01-01 10:10:39,canje hey coins tarjetas regalo amazon instantáneas llegan códigos casi instante recuerdan pasó hace meses
2023-12-15,1900-01-01 16:13:32,confirmo día hoy cambie hey coins correo confirmación viene código cool realizó compra
2023-12-17,1900-01-01 16:29:51,amamos recompensas
2023-12-17,1900-01-01 12:08:17,patrocine juegos maratondevir
2023-12-18,1900-01-01 10:31:35,evalué cambiar heybanco nu debido tasa rendimiento wow gratamente sorprendida
2023-12-19,1900-01-01 21:07:28,amablemente areaespecializada dió solución r
2023-12-22,1900-01-01 17:50:55,recomiendo atención inmediata abrazo felices fiestas abrazo toda familia
2023-12-22,1900-01-01 17:37:53,entiendo baz transfiero crédito azteca entra compra genera comisión recomiendo accesible
2023-12-22,1900-01-01 15:58:18,excelente gracias información
2023-12-22,1900-01-01 11:43:33,hola pepe buenos días atiende sofía gusto saludarte podrías compair vía mensaje directo mayor detalle situación presentas aplicación bbva méxico favor
2023-12-27,1900-01-01 09:01:38,manifestando ganarme sorteo heybanco hecho declaro abundancia
2023-12-28,1900-01-01 22:25:18,hola mantenido buen historial ustedes duda hacer aumenten línea crédito tarjeta de crédito
2023-12-30,1900-01-01 09:31:05,gracias ayer atendieron rápido llamada quedo resuelto
2024-01-01,1900-01-01 14:05:36,año nuevo novedades nuevas parece ajuste heybanco anualidad hey pro forzado parece mejor opción
2024-01-01,1900-01-01 09:25:46,transmitir información fidedigna real lleva años operando
2024-01-02,1900-01-01 17:51:09,recomiendo heybanco puedes retirar cualquier hsbc inbursa comisión
2024-01-04,1900-01-01 22:01:23,hoy fanshop heybanco pasé super chido además hice amix
2024-01-04,1900-01-01 12:03:48,opción personal podría recomendarte buenas promociones msi
2024-01-04,1900-01-01 11:15:48,mejor
2024-01-05,1900-01-01 12:39:28,va gracias mande mensaje directo
2024-01-07,1900-01-01 18:53:21,mejor
2024-01-07,1900-01-01 17:46:48,puro mejor nu nu fonite foniteog
2024-01-08,1900-01-01 11:16:15,voy trabajar hermana oye entonnces cómo valido heybanco papás oye tema depa jajajaja bueno agradezco alguien allá ayude resolverlo
2024-01-09,1900-01-01 23:55:06,pixel genio
2024-01-09,1900-01-01 00:42:33,si bien señor lampi
2024-01-10,1900-01-01 13:37:20,uy contacté incluso mande video correo electrónico señalo persona contestó actualice sistema operativo sigue igual sucede solo app banco hey apps bancos funcionan perfecto
2024-01-10,1900-01-01 12:36:49,promoción clientes hey aprovecha compras temporada recibe recompensas efectivo list p
2024-01-11,1900-01-01 15:20:48,gracias
2024-01-13,1900-01-01 13:44:57,llame ayudaron gracias
2024-01-14,1900-01-01 14:57:03,límites jajaja gpt gratis
2024-01-15,1900-01-01 12:22:52,quedó solucionado fin semana gracias
2024-01-16,1900-01-01 18:32:25,listo quedó muchas gracias
2024-01-17,1900-01-01 22:32:37,heybanco nu mejores andan buscando moverse
2024-01-17,1900-01-01 21:08:35,si ocupan excelentes alternativas bancoaztecaenquiebra heybanco comisiones contratación línea k puntos retirar nubank comisiones contratación línea retiro efectivo supermercados
2024-01-17,1900-01-01 19:54:36,excelentes alternativas heybanco comisiones contratación línea k puntos retirar nubank comisiones contratación línea retiro efectivo supermercados
2024-01-17,1900-01-01 19:51:13,excelentes alternativas heybanco comisiones contratación línea k puntos retirar nubank comisiones contratación línea retiro efectivo supermercados
2024-01-17,1900-01-01 19:43:52,excelentes alternativas banco azteca heybanco comisiones contratación línea k puntos retirar nubank comisiones contratación línea retiro efectivo supermercados
2024-01-18,1900-01-01 12:58:15,celebramos años heybanco gracias confiar viaje apoyo sido fundamental
2024-01-19,1900-01-01 11:01:15,buen día envié correo justo ahora gracias
2024-01-19,1900-01-01 10:06:58,buenos días maravillosa sorpresa cuenta amaneció ceros
2024-01-21,1900-01-01 19:07:32,listo
2024-01-21,1900-01-01 18:42:05,raro realizado varias transacciones problema
2024-01-21,1900-01-01 09:09:53,mejor opción rendimiento
2024-01-21,1900-01-01 17:58:03,hola gustaría unirme porfa
2024-01-21,1900-01-01 11:46:51,agrega app nunca fallado proceso contratación ágil pues par abres cuenta evalúa tarjeta crédito depósitos transferencias inmediatas
2024-01-22,1900-01-01 17:18:41,dinero deberían darme gracias año servicios
2024-01-22,1900-01-01 16:00:41,muchas gracias comprometió resolver problema fecha límite enero ser así enseguida pondré contacto
2024-01-22,1900-01-01 13:55:08,muchas gracias
2024-01-22,1900-01-01 12:57:27,agradezco atención pondré contacto ustedes
2024-01-23,1900-01-01 12:10:13,listos ansiosos desconéctate días acústico heybanco tecatepal norte
2024-01-25,1900-01-01 21:11:05,funciona mejor
2024-01-26,1900-01-01 22:23:25,jajajaja amé
2024-01-26,1900-01-01 17:41:58,jajaja
2024-01-29,1900-01-01 18:17:18,hola buenas tardes atiende luz placer saludarte gusto podemos apoyae favor escríbenos cuenta oficial twitter brindarle seguimiento solicitud compaie información correspondiente
2024-01-29,1900-01-01 15:44:22,listo gracias
2024-01-30,1900-01-01 15:12:47,hola valdría pena hagan cambios dan resumen cambios realizados contrato manden hojas completas charlytip mejora experiencia cliente
2024-02-01,1900-01-01 14:25:36,encantan respuestas fallas repoadas app
2024-02-01,1900-01-01 00:51:32,debito puedes pedir nu app tmb heybanco piden minimo cobran manejo cuenta abri xq pedo nomina banamex usaba ahorrar ahora uso casi heejej tj fisica costo creo
2024-02-02,1900-01-01 11:11:22,aprovecho tuit recomendarles heybanco lqm sola queja dos años
2024-02-06,1900-01-01 11:34:36,interesante
2024-02-07,1900-01-01 02:05:30,mejor aumenten líneas crédito
2024-02-08,1900-01-01 20:20:59,heybanco ilimitado jajajaja suena increíble
2024-02-08,1900-01-01 19:16:00,cada agradecido peenecer si ocupan banco solucione mero bueno thkss
2024-02-08,1900-01-01 18:30:39,encanta app simplemente increíble además ser super intuitiva cashback todas compras
2024-02-08,1900-01-01 05:52:22,aaawww bonito heybanco cola d
2024-02-09,1900-01-01 13:05:02,gracias
2024-02-10,1900-01-01 10:12:37,trae heybanco humilde chiquito
2024-02-11,1900-01-01 11:40:38,preguntan dónde conseguir tarjeta pueden sacar heybanco diseños elegir
2024-02-12,1900-01-01 20:17:49,empezaré hacer gracias
2024-02-12,1900-01-01 16:43:13,jajaj fijat dije fin so far so good
2024-02-12,1900-01-01 16:11:52,mira amixe fin abrí cuenta llegó super rápido días dhl pues encantado
2024-02-13,1900-01-01 17:03:36,celebra amor estilo san valentín descubre últimas colecciones marcas favoritas aquí somoshey heymedia heybanco sanvalentín regalos
2024-02-13,1900-01-01 16:16:21,comerciales tan ganadores kansas chiefs dejó superbowl año somoshey heymedia heybanco comerciales sblviii michaelcera jlo mainscorsese
2024-02-13,1900-01-01 12:07:46,favor apoyo saber módulos cmensaje directox gracias
2024-02-19,1900-01-01 12:04:17,arregló gracias
2024-02-20,1900-01-01 09:38:29,tenencia msi amo
2024-02-21,1900-01-01 15:10:57,fin recuperé cuenta amo
2024-02-22,1900-01-01 10:15:48,hey hey heybanco perfecto
2024-02-29,1900-01-01 21:07:53,gracias información útil
2024-03-01,1900-01-01 23:39:44,meses tarjeta de crédito garantizada buen uso van graduar recuerdo contraté decía meses buen uso
2024-03-01,1900-01-01 19:35:31,nunca falla
2024-03-01,1900-01-01 04:46:39,muchas gracias salí apuro gracias
2024-03-02,1900-01-01 14:24:38,gracias revisé
2024-03-06,1900-01-01 20:09:14,jaja gracias
2024-03-06,1900-01-01 16:28:42,recomiendo
2024-03-08,1900-01-01 02:06:50,sábado perpetuo
2024-03-13,1900-01-01 21:34:41,gracias atención
2024-03-13,1900-01-01 20:40:01,muchas gracias quedó
2024-03-15,1900-01-01 01:51:01,agree contigo versh
2024-03-16,1900-01-01 16:45:25,hice mail sugerencia app cuanto den facilidades modificaractualizar dato número cel responden comunique teléfono ver digan ahí facilidad ayuda viene ser nomás sacan apuros
2024-03-18,1900-01-01 17:23:05,gracias atención
2024-03-18,1900-01-01 17:13:48,hola buenos días atiende luz placer saludarte impoantes comentarios interesa saber experiencia puedes brindar mayor detalle situación presentas favor
2024-03-19,1900-01-01 18:48:19,gracias hable vía telefónica resolvió inquietud
2024-03-22,1900-01-01 21:40:28,amo gran experiencia ir hey shop lxs tqm
2024-03-23,1900-01-01 21:38:20,recomendaron charliehack telegram puede ayudarte solucionar problema recuperé ayuda así recomiendo mejor rápida opción
2024-03-26,1900-01-01 06:00:06,buen dia alguna promocion msi pago tenencia saludos
2024-03-27,1900-01-01 20:47:08,recomiendo aunque siento difícil aprueben si nunca si historial banamex menos escuchado casos así primera tarjeta de crédito heybanco recomiendo tiempo daban recompensas compras tarjeta
2024-03-27,1900-01-01 02:21:57,gracias invitarnos conocer colección retro así detalles obsequios tarjeta anime acorde comprar boletos cine nueva película rascaldoesnotdream
2024-03-28,1900-01-01 20:07:52,hola encantados asistie mejor manera invitamos escribas mensaje directo gusto ayudaremos toda información requieres pendientes
2024-03-28,1900-01-01 18:00:54,gracias didi confianza incrementar línea crédito k mean ofreciendo crédito gracias solo faltaría msi
2024-03-28,1900-01-01 17:31:57,hola gracias acabo enviar correo
2024-03-30,1900-01-01 19:47:37,hola mande mensaje directo
2024-03-30,1900-01-01 18:47:15,ayer gané sombrerito real quedaba outfit jajajaja feliz festival chulearon
2024-03-31,1900-01-01 23:19:35,diferencia ustedes demostrado verdadera comprensión necesidades clientes gracias hacer posible proyectos hagan realidad
2024-03-31,1900-01-01 02:47:12,amo chingo
2024-04-04,1900-01-01 08:41:17,akamba regresa gracias aprovecha venta pre cael presentada heybanco disfruta etapa única
2024-04-04,1900-01-01 01:05:10,resolvió fácil solo entra banca línea computadora dirá bloqueado pones token cel listo suerte
2024-04-05,1900-01-01 02:55:10,suficiente
2024-04-07,1900-01-01 23:22:19,recomendaron charliehack telegram puede ayudarte solucionar problema recuperé ayuda así recomiendo mejor rápida opción
2024-04-10,1900-01-01 21:57:10,necesito ayuda
2024-04-10,1900-01-01 16:53:34,listo
2024-04-10,1900-01-01 16:05:30,gracias solucione
2024-04-12,1900-01-01 17:19:20,buenos días llevo fin semana tratando pagar tarjetas puede transferir heybanco cuenta principal regresan todas transferecias ayuda
2024-04-15,1900-01-01 23:44:20,así ganó carrera fintech aplicación siempre funciona amigable cliente
2024-04-16,1900-01-01 17:41:40,gracias
2024-04-17,1900-01-01 04:45:42,gracias
2024-04-18,1900-01-01 17:28:23,gracias
2024-04-18,1900-01-01 15:59:11,amo gracias pude entrar app saludos
2024-04-18,1900-01-01 04:34:45,sigue dejarme aumentar linea tarjeta crédito garantizada
2024-04-21,1900-01-01 15:21:43,ahora confirmo gracias estimado
2024-04-23,1900-01-01 22:52:05,acuerdo muchas gracias
2024-04-23,1900-01-01 21:30:12,tío van graduar tarjeta de crédito garantizada hace año saqué recuerdo decían meses buen uso ayuda c
2024-04-25,1900-01-01 00:51:24,duda quién ver si problemas aumentar línea crédito tarjeta hey garantizada app deja marca error pasa igual teléfonos
2024-04-26,1900-01-01 13:30:56,wey mejor puedo pagar apple pay
